{"count":1,"self":79.622630399999991,"total":5879.3202928,"children":{"InitializeActuators":{"count":1,"self":0.0010164,"total":0.0010164,"children":null},"InitializeSensors":{"count":1,"self":0.0015362,"total":0.0015362,"children":null},"AgentSendState":{"count":436767,"self":1.4401916,"total":9.3009817999999989,"children":{"CollectObservations":{"count":436767,"self":0.9827682,"total":0.9827682,"children":null},"WriteActionMask":{"count":436767,"self":0.42983119999999997,"total":0.42983119999999997,"children":null},"RequestDecision":{"count":436767,"self":0.6028561,"total":6.4481908,"children":{"AgentInfo.ToProto":{"count":436767,"self":1.847708,"total":5.8453346999999996,"children":{"GenerateSensorData":{"count":436767,"self":3.9976268,"total":3.9976268,"children":null}}}}}}},"DecideAction":{"count":436767,"self":5786.3196671999995,"total":5786.3196571,"children":null},"AgentAct":{"count":436767,"self":3.9487512,"total":4.0681861999999995,"children":{"AgentInfo.ToProto":{"count":10008,"self":0.033551,"total":0.11943509999999999,"children":{"GenerateSensorData":{"count":10008,"self":0.085884099999999991,"total":0.085884099999999991,"children":null}}}}}},"gauges":{"WarehouseBrain.CumulativeReward":{"count":10008,"max":67.096,"min":-63.0279922,"runningAverage":56.7908325,"value":-17.3319931,"weightedAverage":-8.810877}},"metadata":{"timer_format_version":"0.1.0","start_time_seconds":"1777703867","unity_version":"6000.3.6f1","command_line_arguments":"C:\\Users\\Rushikesh\\Desktop\\Data\\PersonalPrograms\\Warehouse\\PythonTraining\\Remake\\Build\/Warehouse.exe -nographics -batchmode --mlagents-port 5005","communication_protocol_version":"1.5.0","com.unity.ml-agents_version":"4.0.2","scene_name":"DRQN-Phase_1","end_time_seconds":"1777709745"}}