{"count":1,"self":84.658700799999991,"total":5248.1627656,"children":{"InitializeActuators":{"count":1,"self":0.0019963999999999997,"total":0.0019963999999999997,"children":null},"InitializeSensors":{"count":1,"self":0.0015256999999999998,"total":0.0015256999999999998,"children":null},"AgentSendState":{"count":438434,"self":1.749251,"total":11.1860474,"children":{"CollectObservations":{"count":438434,"self":1.3355047,"total":1.3355047,"children":null},"WriteActionMask":{"count":438434,"self":0.41771729999999996,"total":0.41771729999999996,"children":null},"RequestDecision":{"count":438434,"self":0.7857328,"total":7.6835743999999995,"children":{"AgentInfo.ToProto":{"count":438434,"self":1.9193254,"total":6.8978416,"children":{"GenerateSensorData":{"count":438434,"self":4.978516,"total":4.9785162,"children":null}}}}}}},"DecideAction":{"count":438434,"self":5148.6871551999993,"total":5148.6871833999994,"children":null},"AgentAct":{"count":438434,"self":3.4686407999999997,"total":3.6222806,"children":{"AgentInfo.ToProto":{"count":10002,"self":0.0343773,"total":0.1536399,"children":{"GenerateSensorData":{"count":10002,"self":0.1192626,"total":0.1192626,"children":null}}}}}},"gauges":{"WarehouseBrain.CumulativeReward":{"count":10002,"max":67.174,"min":-5.33200264,"runningAverage":59.4345665,"value":-4.5359993,"weightedAverage":35.45385}},"metadata":{"timer_format_version":"0.1.0","start_time_seconds":"1777642804","unity_version":"6000.3.6f1","command_line_arguments":"C:\\Users\\Rushikesh\\Desktop\\Data\\PersonalPrograms\\Warehouse\\PythonTraining\\Remake\\Build\/Warehouse.exe -nographics -batchmode --mlagents-port 5005","communication_protocol_version":"1.5.0","com.unity.ml-agents_version":"4.0.2","scene_name":"DRQN-Phase_1","end_time_seconds":"1777648051"}}